Image;True Target;Predicted Target;Similarity;Euclidean Distance;Correct
3_fastcards_2149.png;There are 3 things;There are 5 things;0,24644789;1,2276417016983032;False
8_fastcards_2374.png;There are 8 things;There are 10 things;0,24601486;1,2279943227767944;False
1_fastcards_2028.png;There are 1 things;There are 1 things;0,21029583;1,2567451000213623;True
3_dots_1163.png;There are 3 things;There are 3 things;0,26624414;1,2114089727401733;True
9_dots_1465.png;There are 9 things;There are 6 things;0,23103046;1,2401366233825684;False
8_fastcards_2390.png;There are 8 things;There are 9 things;0,25091854;1,223994493484497;False
6_dots_1318.png;There are 6 things;There are 4 things;0,2565835;1,2193576097488403;False
7_fastcards_2316.png;There are 7 things;There are 8 things;0,2356343;1,2364188432693481;False
10_fastcards_2469.png;There are 10 things;There are 10 things;0,22911754;1,241678237915039;True
8_dots_1427.png;There are 8 things;There are 8 things;0,2391247;1,2335926294326782;True
4_fastcards_2189.png;There are 4 things;There are 6 things;0,2629587;1,2141180038452148;False
5_fastcards_2239.png;There are 5 things;There are 6 things;0,28342518;1,1971423625946045;False
4_fastcards_2157.png;There are 4 things;There are 4 things;0,29025477;1,1914236545562744;True
5_fastcards_2201.png;There are 5 things;There are 7 things;0,25337628;1,221985101699829;False
9_fastcards_2433.png;There are 9 things;There are 9 things;0,2593619;1,2170768976211548;True
6_fastcards_2256.png;There are 6 things;There are 7 things;0,26405913;1,2132114171981812;False
5_dots_1265.png;There are 5 things;There are 4 things;0,26058155;1,2160743474960327;False
10_fastcards_2465.png;There are 10 things;There are 10 things;0,24868333;1,22581946849823;True
3_fastcards_2129.png;There are 3 things;There are 5 things;0,20664494;1,2596467733383179;False
7_fastcards_2323.png;There are 7 things;There are 8 things;0,2668213;1,2109324932098389;False
4_fastcards_2164.png;There are 4 things;There are 4 things;0,30275014;1,180889368057251;True
9_dots_1489.png;There are 9 things;There are 8 things;0,24711604;1,2270973920822144;False
5_dots_1279.png;There are 5 things;There are 4 things;0,2640592;1,2132114171981812;False
8_fastcards_2395.png;There are 8 things;There are 9 things;0,2648824;1,2125325202941895;False
6_fastcards_2296.png;There are 6 things;There are 7 things;0,25100678;1,223922610282898;False
5_dots_1250.png;There are 5 things;There are 4 things;0,2569265;1,2190762758255005;False
4_fastcards_2169.png;There are 4 things;There are 6 things;0,27880377;1,2009965181350708;False
5_fastcards_2244.png;There are 5 things;There are 6 things;0,24821612;1,2262005805969238;False
6_dots_1342.png;There are 6 things;There are 4 things;0,25827962;1,217965841293335;False
5_fastcards_2236.png;There are 5 things;There are 6 things;0,27461997;1,204474925994873;False
5_dots_1280.png;There are 5 things;There are 4 things;0,2440542;1,2295900583267212;False
4_dots_1228.png;There are 4 things;There are 3 things;0,27981532;1,2001539468765259;False
1_dots_1092.png;There are 1 things;There are 1 things;0,2291145;1,24168062210083;True
5_dots_1264.png;There are 5 things;There are 4 things;0,25097513;1,2239484786987305;False
3_dots_1168.png;There are 3 things;There are 2 things;0,2497791;1,22492516040802;False
2_fastcards_2064.png;There are 2 things;There are 3 things;0,19417447;1,2695082426071167;False
10_fastcards_2487.png;There are 10 things;There are 9 things;0,2506865;1,2241841554641724;False
7_fastcards_2312.png;There are 7 things;There are 8 things;0,24662712;1,2274959087371826;False
10_dots_1013.png;There are 10 things;There are 8 things;0,23839563;1,234183430671692;False
3_dots_1172.png;There are 3 things;There are 3 things;0,25916532;1,217238426208496;True
3_dots_1199.png;There are 3 things;There are 3 things;0,24652602;1,2275781631469727;True
7_fastcards_2344.png;There are 7 things;There are 6 things;0,2650331;1,212408423423767;False
4_dots_1239.png;There are 4 things;There are 4 things;0,24934313;1,2252811193466187;True
1_dots_1096.png;There are 1 things;There are 1 things;0,22760157;1,2428985834121704;True
10_dots_1031.png;There are 10 things;There are 8 things;0,23833244;1,2342346906661987;False
6_dots_1322.png;There are 6 things;There are 5 things;0,25616527;1,219700574874878;False
8_dots_1430.png;There are 8 things;There are 8 things;0,23659447;1,2356419563293457;True
5_fastcards_2245.png;There are 5 things;There are 8 things;0,23612529;1,2360217571258545;False
9_dots_1485.png;There are 9 things;There are 8 things;0,23887353;1,233796238899231;False
7_fastcards_2302.png;There are 7 things;There are 8 things;0,23220548;1,2391889095306396;False
9_fastcards_2423.png;There are 9 things;There are 10 things;0,24862266;1,2258689403533936;False
4_fastcards_2153.png;There are 4 things;There are 6 things;0,27400988;1,2049814462661743;False
10_dots_1019.png;There are 10 things;There are 8 things;0,23068032;1,2404191493988037;False
2_dots_1119.png;There are 2 things;There are 2 things;0,24822031;1,2261971235275269;True
5_dots_1251.png;There are 5 things;There are 4 things;0,26002768;1,2165298461914062;False
9_fastcards_2412.png;There are 9 things;There are 10 things;0,25136817;1,2236272096633911;False
10_fastcards_2488.png;There are 10 things;There are 10 things;0,24710296;1,2271080017089844;True
9_fastcards_2449.png;There are 9 things;There are 10 things;0,23300938;1,2385399341583252;False
6_dots_1344.png;There are 6 things;There are 5 things;0,2547198;1,220885157585144;False
10_dots_1010.png;There are 10 things;There are 8 things;0,23662657;1,2356160879135132;False
8_fastcards_2377.png;There are 8 things;There are 8 things;0,2249001;1,245070219039917;True
6_dots_1317.png;There are 6 things;There are 5 things;0,25643736;1,2194772958755493;False
3_fastcards_2130.png;There are 3 things;There are 5 things;0,25468972;1,2209097146987915;False
9_dots_1478.png;There are 9 things;There are 8 things;0,24710889;1,2271032333374023;False
6_fastcards_2260.png;There are 6 things;There are 8 things;0,23311989;1,2384508848190308;False
2_dots_1100.png;There are 2 things;There are 2 things;0,2484585;1,2260029315948486;True
2_fastcards_2087.png;There are 2 things;There are 4 things;0,2632594;1,2138704061508179;False
6_fastcards_2264.png;There are 6 things;There are 6 things;0,2533059;1,2220426797866821;True
1_fastcards_2000.png;There are 1 things;There are 1 things;0,18829799;1,2741286754608154;True
9_fastcards_2400.png;There are 9 things;There are 10 things;0,24291107;1,2305192947387695;False
9_fastcards_2434.png;There are 9 things;There are 10 things;0,23556656;1,236473560333252;False
8_fastcards_2378.png;There are 8 things;There are 8 things;0,24050164;1,2324758768081665;True
2_fastcards_2053.png;There are 2 things;There are 3 things;0,21622553;1,2520179748535156;False
7_dots_1396.png;There are 7 things;There are 5 things;0,2507616;1,2241227626800537;False
2_fastcards_2066.png;There are 2 things;There are 3 things;0,28217015;1,1981903314590454;False
5_fastcards_2210.png;There are 5 things;There are 7 things;0,2591902;1,2172179222106934;False
8_fastcards_2360.png;There are 8 things;There are 8 things;0,2308175;1,2403085231781006;True
9_dots_1482.png;There are 9 things;There are 6 things;0,2363397;1,2358481884002686;False
6_dots_1337.png;There are 6 things;There are 5 things;0,24463424;1,2291182279586792;False
7_dots_1365.png;There are 7 things;There are 6 things;0,23572035;1,2363492250442505;False
3_dots_1191.png;There are 3 things;There are 3 things;0,24991474;1,224814534187317;True
10_dots_1007.png;There are 10 things;There are 8 things;0,23617895;1,235978364944458;False
2_fastcards_2067.png;There are 2 things;There are 3 things;0,25084186;1,2240573167800903;False
1_fastcards_2005.png;There are 1 things;There are 1 things;0,2103639;1,2566908597946167;True
8_dots_1411.png;There are 8 things;There are 5 things;0,24778755;1,2265499830245972;False
8_dots_1413.png;There are 8 things;There are 8 things;0,24137579;1,2317664623260498;True
3_dots_1167.png;There are 3 things;There are 2 things;0,24336356;1,2301515340805054;False
10_fastcards_2459.png;There are 10 things;There are 10 things;0,24953622;1,225123405456543;True
1_fastcards_2007.png;There are 1 things;There are 1 things;0,19932629;1,2654434442520142;True
7_fastcards_2338.png;There are 7 things;There are 6 things;0,26884922;1,2092567682266235;False
2_fastcards_2062.png;There are 2 things;There are 3 things;0,25224847;1,2229077816009521;False
1_fastcards_2022.png;There are 1 things;There are 1 things;0,20975263;1,2571772336959839;True
10_fastcards_2458.png;There are 10 things;There are 10 things;0,24824795;1,2261744737625122;True
7_fastcards_2330.png;There are 7 things;There are 8 things;0,24631488;1,2277500629425049;False
2_dots_1143.png;There are 2 things;There are 2 things;0,24618143;1,2278587818145752;True
3_fastcards_2142.png;There are 3 things;There are 5 things;0,21147183;1,25580894947052;False
6_fastcards_2293.png;There are 6 things;There are 9 things;0,26503786;1,2124042510986328;False
1_dots_1088.png;There are 1 things;There are 1 things;0,2254967;1,2445908784866333;True
6_fastcards_2283.png;There are 6 things;There are 7 things;0,24411507;1,2295407056808472;False
8_dots_1432.png;There are 8 things;There are 8 things;0,24060374;1,2323931455612183;True
2_fastcards_2058.png;There are 2 things;There are 3 things;0,24635336;1,2277188301086426;False
6_fastcards_2274.png;There are 6 things;There are 7 things;0,2658137;1,2117642164230347;False
4_fastcards_2191.png;There are 4 things;There are 6 things;0,24826583;1,226159930229187;False
3_dots_1161.png;There are 3 things;There are 3 things;0,2777535;1,2018705606460571;True
4_dots_1248.png;There are 4 things;There are 4 things;0,2551266;1,22055184841156;True
5_fastcards_2218.png;There are 5 things;There are 5 things;0,25117707;1,2237833738327026;True
9_dots_1468.png;There are 9 things;There are 8 things;0,24709606;1,2271136045455933;False
4_dots_1214.png;There are 4 things;There are 4 things;0,24580275;1,228167176246643;True
6_fastcards_2261.png;There are 6 things;There are 8 things;0,24999285;1,2247507572174072;False
1_fastcards_2040.png;There are 1 things;There are 1 things;0,2082744;1,2583526372909546;True
5_dots_1283.png;There are 5 things;There are 4 things;0,26023477;1,2163594961166382;False
8_dots_1414.png;There are 8 things;There are 6 things;0,2457721;1,2281922101974487;False
7_dots_1360.png;There are 7 things;There are 5 things;0,24583802;1,2281383275985718;False
7_fastcards_2334.png;There are 7 things;There are 8 things;0,27469692;1,2044111490249634;False
8_dots_1441.png;There are 8 things;There are 6 things;0,24994123;1,2247929573059082;False
10_dots_1038.png;There are 10 things;There are 8 things;0,23076507;1,2403507232666016;False
6_fastcards_2289.png;There are 6 things;There are 7 things;0,27471983;1,2043920755386353;False
3_fastcards_2139.png;There are 3 things;There are 4 things;0,27060884;1,2078006267547607;False
1_dots_1056.png;There are 1 things;There are 1 things;0,22465877;1,2452640533447266;True
6_dots_1341.png;There are 6 things;There are 4 things;0,2564654;1,2194544076919556;False
1_fastcards_2048.png;There are 1 things;There are 1 things;0,19792391;1,2665512561798096;True
4_dots_1230.png;There are 4 things;There are 4 things;0,26626506;1,211391806602478;True
8_fastcards_2393.png;There are 8 things;There are 9 things;0,26757264;1,210311770439148;False
4_fastcards_2180.png;There are 4 things;There are 4 things;0,2940996;1,1881922483444214;True
4_fastcards_2195.png;There are 4 things;There are 4 things;0,2933815;1,1887965202331543;True
3_dots_1196.png;There are 3 things;There are 2 things;0,23676494;1,2355040311813354;False
8_fastcards_2369.png;There are 8 things;There are 8 things;0,23487347;1,2370340824127197;True
10_dots_1026.png;There are 10 things;There are 8 things;0,24622655;1,227822184562683;False
9_fastcards_2447.png;There are 9 things;There are 10 things;0,23803145;1,23447847366333;False
8_fastcards_2379.png;There are 8 things;There are 9 things;0,26586437;1,2117223739624023;False
3_fastcards_2140.png;There are 3 things;There are 4 things;0,262025;1,2148869037628174;False
3_dots_1165.png;There are 3 things;There are 3 things;0,2453511;1,2285348176956177;True
9_dots_1463.png;There are 9 things;There are 8 things;0,23552729;1,236505389213562;False
7_fastcards_2317.png;There are 7 things;There are 8 things;0,23845717;1,2341336011886597;False
6_dots_1313.png;There are 6 things;There are 4 things;0,25689474;1,2191025018692017;False
1_dots_1091.png;There are 1 things;There are 1 things;0,23223168;1,2391678094863892;True
10_fastcards_2464.png;There are 10 things;There are 9 things;0,2505235;1,2243174314498901;False
10_dots_1030.png;There are 10 things;There are 8 things;0,22518343;1,2448426485061646;False
6_dots_1329.png;There are 6 things;There are 6 things;0,24978203;1,224922776222229;True
6_dots_1336.png;There are 6 things;There are 5 things;0,24804643;1,2263388633728027;False
7_fastcards_2331.png;There are 7 things;There are 8 things;0,23590839;1,2361971139907837;False
2_fastcards_2065.png;There are 2 things;There are 3 things;0,24502961;1,2287964820861816;False
8_dots_1429.png;There are 8 things;There are 6 things;0,24035579;1,2325941324234009;False
2_fastcards_2081.png;There are 2 things;There are 3 things;0,25844207;1,2178324460983276;False
4_dots_1222.png;There are 4 things;There are 4 things;0,2690037;1,2091288566589355;True
9_dots_1456.png;There are 9 things;There are 6 things;0,2395975;1,233209252357483;False
2_fastcards_2085.png;There are 2 things;There are 4 things;0,25573027;1,2200572490692139;False
9_fastcards_2429.png;There are 9 things;There are 10 things;0,24711461;1,2270984649658203;False
10_fastcards_2455.png;There are 10 things;There are 9 things;0,24079797;1,232235312461853;False
7_dots_1388.png;There are 7 things;There are 6 things;0,24607697;1,2279438972473145;False
5_dots_1258.png;There are 5 things;There are 4 things;0,2739633;1,2050200700759888;False
8_dots_1449.png;There are 8 things;There are 5 things;0,24541771;1,228480577468872;False
1_dots_1098.png;There are 1 things;There are 1 things;0,22505188;1,2449482679367065;True
5_dots_1286.png;There are 5 things;There are 4 things;0,2662928;1,2113687992095947;False
6_fastcards_2286.png;There are 6 things;There are 6 things;0,28691489;1,1942237615585327;True
5_fastcards_2249.png;There are 5 things;There are 6 things;0,26443934;1,2128978967666626;False
10_dots_1008.png;There are 10 things;There are 8 things;0,23971467;1,233114242553711;False
8_fastcards_2355.png;There are 8 things;There are 8 things;0,2364668;1,2357453107833862;True
9_fastcards_2411.png;There are 9 things;There are 10 things;0,26145118;1,2153589725494385;False
6_fastcards_2288.png;There are 6 things;There are 8 things;0,27395934;1,2050234079360962;False
10_dots_1036.png;There are 10 things;There are 8 things;0,23320946;1,2383785247802734;False
9_fastcards_2410.png;There are 9 things;There are 9 things;0,24712703;1,227088212966919;True
5_dots_1267.png;There are 5 things;There are 4 things;0,26309913;1,2140023708343506;False
1_fastcards_2024.png;There are 1 things;There are 1 things;0,22964025;1,2412573099136353;True
8_dots_1412.png;There are 8 things;There are 8 things;0,24650562;1,2275948524475098;True
9_dots_1490.png;There are 9 things;There are 8 things;0,23924607;1,2334942817687988;False
2_fastcards_2057.png;There are 2 things;There are 3 things;0,24845608;1,2260048389434814;False
8_dots_1407.png;There are 8 things;There are 8 things;0,24869053;1,2258137464523315;True
8_dots_1448.png;There are 8 things;There are 6 things;0,2408031;1,2322311401367188;False
8_dots_1401.png;There are 8 things;There are 6 things;0,24383914;1,2297648191452026;False
5_dots_1270.png;There are 5 things;There are 4 things;0,2690411;1,2090978622436523;False
8_fastcards_2353.png;There are 8 things;There are 9 things;0,22535038;1,2447084188461304;False
6_dots_1348.png;There are 6 things;There are 5 things;0,26056042;1,2160917520523071;False
5_fastcards_2203.png;There are 5 things;There are 8 things;0,25892377;1,2174369096755981;False
5_dots_1272.png;There are 5 things;There are 5 things;0,263825;1,2134042978286743;True
3_fastcards_2124.png;There are 3 things;There are 5 things;0,27129123;1,20723557472229;False
1_fastcards_2016.png;There are 1 things;There are 1 things;0,2069575;1,2593986988067627;True
6_fastcards_2251.png;There are 6 things;There are 6 things;0,24798474;1,2263891696929932;True
10_fastcards_2478.png;There are 10 things;There are 9 things;0,24090043;1,2321522235870361;False
10_dots_1032.png;There are 10 things;There are 8 things;0,24398872;1,2296433448791504;False
3_fastcards_2145.png;There are 3 things;There are 4 things;0,30378127;1,1800159215927124;False
6_fastcards_2280.png;There are 6 things;There are 8 things;0,25275853;1,2224905490875244;False
9_dots_1459.png;There are 9 things;There are 8 things;0,24799761;1,2263787984848022;False
4_fastcards_2186.png;There are 4 things;There are 5 things;0,28142315;1,198813557624817;False
2_dots_1147.png;There are 2 things;There are 2 things;0,24007827;1,2328191995620728;True
7_fastcards_2326.png;There are 7 things;There are 8 things;0,22000721;1,248993992805481;False
7_dots_1383.png;There are 7 things;There are 6 things;0,24731642;1,2269340753555298;False
7_dots_1373.png;There are 7 things;There are 5 things;0,24939324;1,2252402305603027;False
8_fastcards_2356.png;There are 8 things;There are 9 things;0,23448014;1,2373517751693726;False
9_dots_1480.png;There are 9 things;There are 8 things;0,24378589;1,2298082113265991;False
9_dots_1450.png;There are 9 things;There are 8 things;0,23398817;1,237749457359314;False
5_dots_1254.png;There are 5 things;There are 4 things;0,2544899;1,2210733890533447;False
2_fastcards_2082.png;There are 2 things;There are 4 things;0,274291;1,2047481536865234;False
1_fastcards_2009.png;There are 1 things;There are 1 things;0,19290711;1,2705061435699463;True
3_fastcards_2136.png;There are 3 things;There are 5 things;0,21210259;1,255306601524353;False
7_fastcards_2320.png;There are 7 things;There are 8 things;0,24136803;1,231772780418396;False
4_dots_1205.png;There are 4 things;There are 3 things;0,27629337;1,2030850648880005;False
7_dots_1376.png;There are 7 things;There are 5 things;0,24570242;1,2282487154006958;False
7_fastcards_2341.png;There are 7 things;There are 8 things;0,23944302;1,2333344221115112;False
1_dots_1082.png;There are 1 things;There are 1 things;0,24051796;1,2324626445770264;True
6_dots_1304.png;There are 6 things;There are 5 things;0,25085407;1,2240474224090576;False
3_dots_1194.png;There are 3 things;There are 3 things;0,2689648;1,2091611623764038;True
5_dots_1282.png;There are 5 things;There are 4 things;0,25606164;1,2197855710983276;False
4_dots_1226.png;There are 4 things;There are 4 things;0,25479677;1,2208220958709717;True
6_dots_1300.png;There are 6 things;There are 4 things;0,24371007;1,2298699617385864;False
5_fastcards_2205.png;There are 5 things;There are 5 things;0,24314964;1,23032546043396;True
9_fastcards_2440.png;There are 9 things;There are 10 things;0,24370943;1,229870319366455;False
6_fastcards_2266.png;There are 6 things;There are 6 things;0,257565;1,218552589416504;True
6_fastcards_2278.png;There are 6 things;There are 8 things;0,24399605;1,2296373844146729;False
2_fastcards_2088.png;There are 2 things;There are 2 things;0,25171524;1,2233434915542603;True
9_dots_1477.png;There are 9 things;There are 6 things;0,23683071;1,2354507446289062;False
8_fastcards_2398.png;There are 8 things;There are 8 things;0,26064914;1,2160189151763916;True
10_dots_1000.png;There are 10 things;There are 8 things;0,24080607;1,2322288751602173;False
2_dots_1102.png;There are 2 things;There are 2 things;0,2504202;1,224401831626892;True
1_fastcards_2011.png;There are 1 things;There are 1 things;0,21346775;1,254218578338623;True
10_dots_1035.png;There are 10 things;There are 8 things;0,23580968;1,2362769842147827;False
9_dots_1481.png;There are 9 things;There are 8 things;0,23718052;1,2351676225662231;False
9_dots_1452.png;There are 9 things;There are 8 things;0,24087363;1,232174038887024;False
3_fastcards_2138.png;There are 3 things;There are 4 things;0,28398967;1,1966707706451416;False
5_fastcards_2221.png;There are 5 things;There are 8 things;0,2720123;1,2066380977630615;False
9_fastcards_2443.png;There are 9 things;There are 10 things;0,24673481;1,2274080514907837;False
3_dots_1162.png;There are 3 things;There are 3 things;0,27212906;1,2065412998199463;True
2_fastcards_2094.png;There are 2 things;There are 3 things;0,22695485;1,2434189319610596;False
1_dots_1050.png;There are 1 things;There are 1 things;0,22858793;1,2421047687530518;True
5_dots_1269.png;There are 5 things;There are 4 things;0,2556513;1,2201218605041504;False
8_fastcards_2361.png;There are 8 things;There are 8 things;0,23094311;1,2402071952819824;True
5_dots_1281.png;There are 5 things;There are 4 things;0,26538375;1,2121191024780273;False
8_fastcards_2357.png;There are 8 things;There are 8 things;0,25165;1,2233970165252686;True
6_dots_1332.png;There are 6 things;There are 4 things;0,23777445;1,2346867322921753;False
4_dots_1223.png;There are 4 things;There are 4 things;0,2623913;1,2145851850509644;True
9_dots_1483.png;There are 9 things;There are 7 things;0,24016422;1,2327497005462646;False
3_dots_1155.png;There are 3 things;There are 3 things;0,25262204;1,2226022481918335;True
2_fastcards_2060.png;There are 2 things;There are 3 things;0,27734542;1,2022101879119873;False
10_fastcards_2485.png;There are 10 things;There are 10 things;0,24225464;1,2310527563095093;True
10_dots_1006.png;There are 10 things;There are 8 things;0,23738863;1,234999179840088;False
8_dots_1439.png;There are 8 things;There are 6 things;0,24084075;1,2322006225585938;False
5_fastcards_2216.png;There are 5 things;There are 5 things;0,2780747;1,2016034126281738;True
8_dots_1415.png;There are 8 things;There are 5 things;0,24241078;1,2309257984161377;False
4_dots_1240.png;There are 4 things;There are 4 things;0,28055453;1,1995378732681274;True
4_dots_1238.png;There are 4 things;There are 4 things;0,26907054;1,209073543548584;True
3_fastcards_2121.png;There are 3 things;There are 5 things;0,28194565;1,1983774900436401;False
8_fastcards_2383.png;There are 8 things;There are 9 things;0,25632203;1,2195719480514526;False
5_fastcards_2235.png;There are 5 things;There are 6 things;0,24773607;1,226591944694519;False
1_fastcards_2002.png;There are 1 things;There are 1 things;0,20995489;1,2570163011550903;True
10_fastcards_2461.png;There are 10 things;There are 9 things;0,25606912;1,219779372215271;False
7_fastcards_2307.png;There are 7 things;There are 8 things;0,24122499;1,2318888902664185;False
9_fastcards_2418.png;There are 9 things;There are 9 things;0,23204416;1,2393189668655396;True
2_dots_1124.png;There are 2 things;There are 2 things;0,25196987;1,2231354713439941;True
8_fastcards_2372.png;There are 8 things;There are 9 things;0,2471939;1,2270338535308838;False
7_fastcards_2345.png;There are 7 things;There are 8 things;0,25538;1,2203441858291626;False
2_fastcards_2095.png;There are 2 things;There are 4 things;0,24734846;1,2269079685211182;False
4_dots_1213.png;There are 4 things;There are 4 things;0,2691236;1,2090296745300293;True
3_fastcards_2134.png;There are 3 things;There are 4 things;0,3093145;1,1753172874450684;False
10_dots_1014.png;There are 10 things;There are 8 things;0,24162072;1,231567621231079;False
1_fastcards_2019.png;There are 1 things;There are 1 things;0,21072872;1,2564005851745605;True
5_dots_1293.png;There are 5 things;There are 4 things;0,26036006;1,2162566184997559;False
4_fastcards_2173.png;There are 4 things;There are 4 things;0,28956866;1,1919995546340942;True
6_dots_1301.png;There are 6 things;There are 5 things;0,25499377;1,22066068649292;False
4_dots_1224.png;There are 4 things;There are 3 things;0,24038036;1,2325743436813354;False
10_fastcards_2466.png;There are 10 things;There are 10 things;0,24802312;1,2263579368591309;True
2_fastcards_2083.png;There are 2 things;There are 4 things;0,26546705;1,2120503187179565;False
5_dots_1298.png;There are 5 things;There are 4 things;0,25952163;1,2169456481933594;False
6_dots_1319.png;There are 6 things;There are 4 things;0,2527384;1,2225069999694824;False
2_fastcards_2077.png;There are 2 things;There are 3 things;0,27528375;1,2039237022399902;False
5_fastcards_2206.png;There are 5 things;There are 5 things;0,26017;1,2164126634597778;True
9_dots_1487.png;There are 9 things;There are 8 things;0,23791793;1,2345705032348633;False
1_fastcards_2047.png;There are 1 things;There are 1 things;0,18949592;1,2731881141662598;True
10_dots_1041.png;There are 10 things;There are 8 things;0,24441001;1,2293007373809814;False
10_dots_1011.png;There are 10 things;There are 8 things;0,24411905;1,2295373678207397;False
1_dots_1090.png;There are 1 things;There are 1 things;0,22833008;1,2423123121261597;True
10_dots_1039.png;There are 10 things;There are 8 things;0,23668906;1,235565423965454;False
10_fastcards_2495.png;There are 10 things;There are 10 things;0,24131498;1,2318156957626343;True
10_fastcards_2496.png;There are 10 things;There are 10 things;0,24582177;1,228151559829712;True
6_dots_1340.png;There are 6 things;There are 4 things;0,25503987;1,2206228971481323;False
1_dots_1051.png;There are 1 things;There are 1 things;0,22786699;1,242685079574585;True
1_dots_1059.png;There are 1 things;There are 1 things;0,22779793;1,2427406311035156;True
3_dots_1158.png;There are 3 things;There are 3 things;0,26740372;1,210451364517212;True
2_dots_1129.png;There are 2 things;There are 3 things;0,24773897;1,226589560508728;False
10_fastcards_2492.png;There are 10 things;There are 9 things;0,2396428;1,2331725358963013;False
8_dots_1443.png;There are 8 things;There are 7 things;0,24086002;1,2321851253509521;False
3_dots_1170.png;There are 3 things;There are 3 things;0,2468791;1,227290391921997;True
7_dots_1351.png;There are 7 things;There are 5 things;0,2465438;1,227563500404358;False
6_dots_1333.png;There are 6 things;There are 5 things;0,25454605;1,2210273742675781;False
6_dots_1334.png;There are 6 things;There are 4 things;0,24388683;1,2297261953353882;False
7_dots_1375.png;There are 7 things;There are 6 things;0,24926023;1,2253488302230835;False
7_dots_1394.png;There are 7 things;There are 6 things;0,23737082;1,235013484954834;False
10_fastcards_2490.png;There are 10 things;There are 9 things;0,24357122;1,2299827337265015;False
9_dots_1464.png;There are 9 things;There are 8 things;0,2440837;1,2295660972595215;False
8_fastcards_2392.png;There are 8 things;There are 10 things;0,24075717;1,2322685718536377;False
1_fastcards_2004.png;There are 1 things;There are 2 things;0,18923695;1,273391604423523;False
3_fastcards_2100.png;There are 3 things;There are 4 things;0,26366305;1,2135378122329712;False
3_fastcards_2128.png;There are 3 things;There are 5 things;0,24928099;1,2253317832946777;False
3_fastcards_2110.png;There are 3 things;There are 4 things;0,2741404;1,2048732042312622;False
10_fastcards_2494.png;There are 10 things;There are 10 things;0,2533009;1,2220466136932373;True
8_dots_1424.png;There are 8 things;There are 8 things;0,24308977;1,2303740978240967;True
2_fastcards_2061.png;There are 2 things;There are 3 things;0,24846835;1,2259949445724487;False
1_fastcards_2020.png;There are 1 things;There are 2 things;0,1990688;1,265647053718567;False
8_dots_1419.png;There are 8 things;There are 8 things;0,24323753;1,230254054069519;True
7_dots_1377.png;There are 7 things;There are 6 things;0,2494244;1,2252148389816284;False
5_dots_1252.png;There are 5 things;There are 4 things;0,2639887;1,2132694721221924;False
7_fastcards_2335.png;There are 7 things;There are 8 things;0,27135783;1,2071802616119385;False
2_dots_1117.png;There are 2 things;There are 2 things;0,23598629;1,2361340522766113;True
5_fastcards_2215.png;There are 5 things;There are 6 things;0,22816598;1,242444396018982;False
4_dots_1203.png;There are 4 things;There are 3 things;0,27356875;1,2053475379943848;False
4_dots_1219.png;There are 4 things;There are 4 things;0,2478917;1,226465106010437;True
5_fastcards_2232.png;There are 5 things;There are 7 things;0,23977761;1,2330632209777832;False
5_fastcards_2219.png;There are 5 things;There are 5 things;0,2524317;1,2227576971054077;True
7_fastcards_2333.png;There are 7 things;There are 8 things;0,24719995;1,2270289659500122;False
5_dots_1262.png;There are 5 things;There are 4 things;0,2701758;1,20815908908844;False
6_dots_1326.png;There are 6 things;There are 6 things;0,24457192;1,2291687726974487;True
7_dots_1399.png;There are 7 things;There are 5 things;0,24284971;1,2305692434310913;False
5_dots_1266.png;There are 5 things;There are 4 things;0,27140984;1,2071372270584106;False
6_dots_1311.png;There are 6 things;There are 4 things;0,25647157;1,2194494009017944;False
6_dots_1346.png;There are 6 things;There are 5 things;0,24657592;1,2275372743606567;False
9_dots_1496.png;There are 9 things;There are 8 things;0,23572999;1,2363413572311401;False
10_fastcards_2457.png;There are 10 things;There are 9 things;0,26061204;1,216049313545227;False
9_fastcards_2401.png;There are 9 things;There are 10 things;0,2349709;1,236955165863037;False
1_fastcards_2003.png;There are 1 things;There are 1 things;0,2082479;1,2583736181259155;True
3_dots_1197.png;There are 3 things;There are 2 things;0,24313693;1,2303358316421509;False
10_fastcards_2477.png;There are 10 things;There are 10 things;0,24996537;1,2247731685638428;True
10_fastcards_2489.png;There are 10 things;There are 10 things;0,23570463;1,2363617420196533;True
5_fastcards_2242.png;There are 5 things;There are 7 things;0,25743252;1,2186611890792847;False
3_dots_1174.png;There are 3 things;There are 3 things;0,2509559;1,2239640951156616;True
6_dots_1303.png;There are 6 things;There are 5 things;0,24358469;1,2299716472625732;False
5_dots_1284.png;There are 5 things;There are 5 things;0,25200397;1,2231075763702393;True
1_fastcards_2033.png;There are 1 things;There are 1 things;0,21046701;1,2566088438034058;True
7_fastcards_2329.png;There are 7 things;There are 8 things;0,25742394;1,2186682224273682;False
9_fastcards_2441.png;There are 9 things;There are 9 things;0,23860863;1,2340106964111328;True
4_dots_1218.png;There are 4 things;There are 4 things;0,27374175;1,205203890800476;True
4_dots_1244.png;There are 4 things;There are 4 things;0,26418808;1,2131049633026123;True
10_dots_1003.png;There are 10 things;There are 8 things;0,2393164;1,233437180519104;False
5_fastcards_2246.png;There are 5 things;There are 5 things;0,28594732;1,1950335502624512;True
1_dots_1070.png;There are 1 things;There are 1 things;0,22330019;1,2463546991348267;True
1_dots_1095.png;There are 1 things;There are 1 things;0,22585528;1,244302749633789;True
4_fastcards_2176.png;There are 4 things;There are 4 things;0,26440886;1,2129230499267578;True
9_dots_1488.png;There are 9 things;There are 8 things;0,24755722;1,2267378568649292;False
5_fastcards_2213.png;There are 5 things;There are 6 things;0,24753326;1,2267574071884155;False
4_fastcards_2165.png;There are 4 things;There are 4 things;0,28060672;1,1994943618774414;True
6_dots_1347.png;There are 6 things;There are 5 things;0,26252517;1,214475154876709;False
8_dots_1405.png;There are 8 things;There are 6 things;0,24983007;1,2248836755752563;False
8_fastcards_2375.png;There are 8 things;There are 8 things;0,23129526;1,2399232387542725;True
2_dots_1128.png;There are 2 things;There are 2 things;0,23705989;1,2352652549743652;True
7_fastcards_2339.png;There are 7 things;There are 7 things;0,24796015;1,2264091968536377;True
9_fastcards_2403.png;There are 9 things;There are 10 things;0,25059897;1,2242556810379028;False
4_dots_1229.png;There are 4 things;There are 3 things;0,26670253;1,2110304832458496;False
8_fastcards_2351.png;There are 8 things;There are 8 things;0,2332271;1,2383642196655273;True
5_dots_1291.png;There are 5 things;There are 4 things;0,2609282;1,2157893180847168;False
9_fastcards_2415.png;There are 9 things;There are 9 things;0,23519166;1,2367767095565796;True
1_fastcards_2032.png;There are 1 things;There are 1 things;0,20832112;1,2583153247833252;True
10_dots_1012.png;There are 10 things;There are 8 things;0,23242098;1,2390148639678955;False
3_fastcards_2125.png;There are 3 things;There are 5 things;0,27398735;1,2050000429153442;False
4_fastcards_2171.png;There are 4 things;There are 5 things;0,27522546;1,2039721012115479;False
9_dots_1495.png;There are 9 things;There are 8 things;0,23783472;1,23463773727417;False
8_dots_1409.png;There are 8 things;There are 6 things;0,24653359;1,227571964263916;False
4_dots_1241.png;There are 4 things;There are 3 things;0,24776468;1,226568579673767;False
10_fastcards_2475.png;There are 10 things;There are 9 things;0,23779236;1,2346720695495605;False
1_dots_1066.png;There are 1 things;There are 1 things;0,24107009;1,232014536857605;True
2_dots_1142.png;There are 2 things;There are 2 things;0,2467525;1,227393627166748;True
6_fastcards_2297.png;There are 6 things;There are 7 things;0,23576775;1,2363109588623047;False
4_fastcards_2156.png;There are 4 things;There are 7 things;0,26715267;1,2106589078903198;False
2_dots_1110.png;There are 2 things;There are 2 things;0,25306913;1,2222362756729126;True
9_fastcards_2436.png;There are 9 things;There are 10 things;0,22370073;1,2460330724716187;False
6_dots_1316.png;There are 6 things;There are 4 things;0,25898457;1,2173869609832764;False
2_dots_1145.png;There are 2 things;There are 2 things;0,23707941;1,2352495193481445;True
9_fastcards_2420.png;There are 9 things;There are 9 things;0,22953866;1,241339087486267;True
5_dots_1255.png;There are 5 things;There are 5 things;0,26710355;1,2106993198394775;True
2_dots_1133.png;There are 2 things;There are 2 things;0,22783521;1,2427105903625488;True
8_fastcards_2365.png;There are 8 things;There are 9 things;0,24170478;1,2314993143081665;False
3_fastcards_2127.png;There are 3 things;There are 4 things;0,27017373;1,2081607580184937;False
1_dots_1079.png;There are 1 things;There are 1 things;0,22597876;1,2442034482955933;True
5_dots_1287.png;There are 5 things;There are 4 things;0,25874254;1,217585802078247;False
9_dots_1460.png;There are 9 things;There are 8 things;0,23977056;1,2330690622329712;False
3_fastcards_2109.png;There are 3 things;There are 4 things;0,27866745;1,2011100053787231;False
8_fastcards_2352.png;There are 8 things;There are 9 things;0,23451094;1,237326979637146;False
1_fastcards_2001.png;There are 1 things;There are 1 things;0,18453884;1,2770756483078003;True
8_fastcards_2399.png;There are 8 things;There are 9 things;0,23538223;1,2366225719451904;False
2_fastcards_2092.png;There are 2 things;There are 3 things;0,2535285;1,2218605279922485;False
9_fastcards_2416.png;There are 9 things;There are 9 things;0,2523293;1,2228413820266724;True
5_fastcards_2214.png;There are 5 things;There are 6 things;0,25022382;1,224562168121338;False
6_dots_1343.png;There are 6 things;There are 5 things;0,24923491;1,2253693342208862;False
6_fastcards_2250.png;There are 6 things;There are 7 things;0,25337166;1,2219887971878052;False
2_fastcards_2055.png;There are 2 things;There are 3 things;0,2586313;1,217677116394043;False
6_dots_1309.png;There are 6 things;There are 5 things;0,2470688;1,2271357774734497;False
2_dots_1132.png;There are 2 things;There are 2 things;0,2545231;1,2210462093353271;True
9_dots_1497.png;There are 9 things;There are 6 things;0,23539639;1,236611247062683;False
8_dots_1426.png;There are 8 things;There are 8 things;0,2475488;1,2267446517944336;True
4_fastcards_2150.png;There are 4 things;There are 4 things;0,27887124;1,2009403705596924;True
2_fastcards_2079.png;There are 2 things;There are 3 things;0,26300633;1,2140789031982422;False
3_fastcards_2147.png;There are 3 things;There are 5 things;0,27322996;1,205628514289856;False
5_fastcards_2200.png;There are 5 things;There are 6 things;0,27422518;1,2048028707504272;False
7_fastcards_2324.png;There are 7 things;There are 9 things;0,25061682;1,2242411375045776;False
1_fastcards_2049.png;There are 1 things;There are 1 things;0,19721721;1,2671090364456177;True
2_dots_1130.png;There are 2 things;There are 2 things;0,23385477;1,2378572225570679;True
1_dots_1052.png;There are 1 things;There are 2 things;0,2296466;1,2412521839141846;False
9_fastcards_2428.png;There are 9 things;There are 10 things;0,25687099;1,2191219329833984;False
8_fastcards_2397.png;There are 8 things;There are 10 things;0,26013303;1,2164431810379028;False
8_dots_1445.png;There are 8 things;There are 8 things;0,2348958;1,237015962600708;True
2_dots_1111.png;There are 2 things;There are 2 things;0,23821846;1,234326958656311;True
2_fastcards_2056.png;There are 2 things;There are 3 things;0,25209346;1,223034381866455;False
2_dots_1115.png;There are 2 things;There are 2 things;0,23631409;1,2358689308166504;True
6_fastcards_2255.png;There are 6 things;There are 7 things;0,26361647;1,213576316833496;False
2_fastcards_2078.png;There are 2 things;There are 3 things;0,25995314;1,2165911197662354;False
6_fastcards_2271.png;There are 6 things;There are 8 things;0,26013973;1,216437578201294;False
7_fastcards_2306.png;There are 7 things;There are 8 things;0,23251908;1,2389357089996338;False
3_dots_1192.png;There are 3 things;There are 3 things;0,26705876;1,2107363939285278;True
6_fastcards_2285.png;There are 6 things;There are 6 things;0,27532792;1,2038872241973877;True
10_fastcards_2486.png;There are 10 things;There are 8 things;0,24062103;1,2323790788650513;False
5_dots_1274.png;There are 5 things;There are 4 things;0,2714855;1,207074522972107;False
1_dots_1054.png;There are 1 things;There are 1 things;0,23083076;1,2402976751327515;True
10_dots_1049.png;There are 10 things;There are 8 things;0,24295604;1,230482816696167;False
2_dots_1148.png;There are 2 things;There are 2 things;0,24277389;1,230630874633789;True
1_dots_1074.png;There are 1 things;There are 1 things;0,22925325;1,241568922996521;True
8_dots_1435.png;There are 8 things;There are 8 things;0,24907625;1,225498914718628;True
7_fastcards_2325.png;There are 7 things;There are 9 things;0,239838;1,2330141067504883;False
4_dots_1249.png;There are 4 things;There are 3 things;0,24724077;1,2269957065582275;False
7_fastcards_2318.png;There are 7 things;There are 8 things;0,2615849;1,215248942375183;False
8_dots_1421.png;There are 8 things;There are 8 things;0,24241482;1,2309225797653198;True
2_fastcards_2074.png;There are 2 things;There are 3 things;0,25728634;1,2187809944152832;False
10_dots_1046.png;There are 10 things;There are 8 things;0,22848052;1,2421913146972656;False
8_dots_1442.png;There are 8 things;There are 6 things;0,24097003;1,232095718383789;False
8_fastcards_2376.png;There are 8 things;There are 9 things;0,24096346;1,2321009635925293;False
1_fastcards_2006.png;There are 1 things;There are 1 things;0,2128924;1,2546772956848145;True
7_fastcards_2340.png;There are 7 things;There are 7 things;0,23116821;1,2400257587432861;True
4_dots_1232.png;There are 4 things;There are 4 things;0,261245;1,2155287265777588;True
2_dots_1123.png;There are 2 things;There are 2 things;0,25691837;1,2190830707550049;True
7_fastcards_2305.png;There are 7 things;There are 9 things;0,2526736;1,222559928894043;False
2_fastcards_2076.png;There are 2 things;There are 4 things;0,26804408;1,2099223136901855;False
4_fastcards_2158.png;There are 4 things;There are 5 things;0,2683953;1,2096320390701294;False
2_dots_1137.png;There are 2 things;There are 2 things;0,25238293;1,2227976322174072;True
8_fastcards_2373.png;There are 8 things;There are 9 things;0,26037273;1,2162461280822754;False
6_dots_1310.png;There are 6 things;There are 5 things;0,2561953;1,2196760177612305;False
1_dots_1083.png;There are 1 things;There are 1 things;0,22069144;1,2484458684921265;True
3_fastcards_2117.png;There are 3 things;There are 4 things;0,264598;1,2127670049667358;False
10_dots_1023.png;There are 10 things;There are 8 things;0,23734805;1,2350319623947144;False
8_dots_1447.png;There are 8 things;There are 6 things;0,24388704;1,2297260761260986;False
4_fastcards_2199.png;There are 4 things;There are 4 things;0,2909524;1,190838098526001;True
4_fastcards_2182.png;There are 4 things;There are 5 things;0,2776178;1,2019835710525513;False
10_dots_1002.png;There are 10 things;There are 8 things;0,24349552;1,2300443649291992;False
9_fastcards_2422.png;There are 9 things;There are 9 things;0,24409652;1,2295554876327515;True
1_dots_1080.png;There are 1 things;There are 1 things;0,23758861;1,2348371744155884;True
2_fastcards_2054.png;There are 2 things;There are 3 things;0,24802667;1,2263550758361816;False
6_dots_1331.png;There are 6 things;There are 5 things;0,25067005;1,2241976261138916;False
6_dots_1312.png;There are 6 things;There are 5 things;0,25789332;1,21828293800354;False
8_dots_1417.png;There are 8 things;There are 6 things;0,24278069;1,2306252717971802;False
10_dots_1048.png;There are 10 things;There are 8 things;0,24764076;1,2266699075698853;False
3_fastcards_2114.png;There are 3 things;There are 4 things;0,28613263;1,1948784589767456;False
4_fastcards_2167.png;There are 4 things;There are 4 things;0,27623895;1,2031302452087402;True
10_fastcards_2450.png;There are 10 things;There are 9 things;0,24888335;1,225656270980835;False
8_dots_1428.png;There are 8 things;There are 8 things;0,24549311;1,2284194231033325;True
2_fastcards_2091.png;There are 2 things;There are 3 things;0,26727727;1,2105557918548584;False
7_fastcards_2321.png;There are 7 things;There are 8 things;0,2420673;1,231204867362976;False
3_fastcards_2111.png;There are 3 things;There are 4 things;0,19379704;1,2698055505752563;False
10_dots_1020.png;There are 10 things;There are 8 things;0,2363892;1,2358081340789795;False
4_fastcards_2193.png;There are 4 things;There are 5 things;0,2651994;1,2122710943222046;False
3_dots_1180.png;There are 3 things;There are 3 things;0,27558294;1,2036752700805664;True
10_fastcards_2470.png;There are 10 things;There are 10 things;0,24130411;1,231824517250061;True
1_dots_1077.png;There are 1 things;There are 2 things;0,22770151;1,2428181171417236;False
1_fastcards_2021.png;There are 1 things;There are 1 things;0,22478625;1,2451616525650024;True
10_dots_1027.png;There are 10 things;There are 8 things;0,24072245;1,2322967052459717;False
4_fastcards_2184.png;There are 4 things;There are 6 things;0,27194893;1,2066906690597534;False
4_dots_1243.png;There are 4 things;There are 3 things;0,26110983;1,2156399488449097;False
3_fastcards_2106.png;There are 3 things;There are 4 things;0,2430943;1,2303705215454102;False
7_fastcards_2300.png;There are 7 things;There are 8 things;0,2506047;1,2242511510849;False
1_dots_1075.png;There are 1 things;There are 1 things;0,22675678;1,2435780763626099;True
8_dots_1408.png;There are 8 things;There are 8 things;0,2334226;1,238206386566162;True
4_dots_1245.png;There are 4 things;There are 4 things;0,2727973;1,2059874534606934;True
8_dots_1423.png;There are 8 things;There are 6 things;0,2352845;1,2367018461227417;False
3_fastcards_2146.png;There are 3 things;There are 4 things;0,17603502;1,2837172746658325;False
6_dots_1302.png;There are 6 things;There are 5 things;0,2571123;1,218923807144165;False
8_dots_1420.png;There are 8 things;There are 6 things;0,24739015;1,2268739938735962;False
4_fastcards_2172.png;There are 4 things;There are 6 things;0,27638906;1,203005313873291;False
7_dots_1363.png;There are 7 things;There are 6 things;0,24746472;1,2268131971359253;False
5_dots_1273.png;There are 5 things;There are 5 things;0,25765076;1,2184820175170898;True
8_dots_1416.png;There are 8 things;There are 6 things;0,23615983;1,2359936237335205;False
3_dots_1190.png;There are 3 things;There are 2 things;0,25583538;1,2199710607528687;False
4_fastcards_2187.png;There are 4 things;There are 6 things;0,28171933;1,1985663175582886;False
8_dots_1434.png;There are 8 things;There are 6 things;0,2362876;1,23589026927948;False
4_dots_1201.png;There are 4 things;There are 3 things;0,2663016;1,2113615274429321;False
7_dots_1391.png;There are 7 things;There are 5 things;0,2434076;1,2301156520843506;False
3_fastcards_2107.png;There are 3 things;There are 4 things;0,2511175;1,2238320112228394;False
8_fastcards_2354.png;There are 8 things;There are 9 things;0,23049879;1,240565299987793;False
9_fastcards_2437.png;There are 9 things;There are 9 things;0,25759327;1,218529224395752;True
7_dots_1356.png;There are 7 things;There are 5 things;0,2520246;1,223090648651123;False
9_dots_1455.png;There are 9 things;There are 6 things;0,2449944;1,2288249731063843;False
6_fastcards_2277.png;There are 6 things;There are 8 things;0,24935357;1,2252726554870605;False
3_fastcards_2123.png;There are 3 things;There are 5 things;0,2893671;1,1921683549880981;False
5_dots_1271.png;There are 5 things;There are 4 things;0,2513301;1,2236584424972534;False
2_fastcards_2071.png;There are 2 things;There are 3 things;0,27778685;1,2018429040908813;False
8_fastcards_2367.png;There are 8 things;There are 9 things;0,2384019;1,2341783046722412;False
9_dots_1469.png;There are 9 things;There are 8 things;0,2496947;1,22499418258667;False
8_fastcards_2389.png;There are 8 things;There are 9 things;0,24078791;1,232243537902832;False
1_fastcards_2045.png;There are 1 things;There are 1 things;0,18798622;1,2743732929229736;True
7_dots_1362.png;There are 7 things;There are 6 things;0,24431354;1,2293790578842163;False
10_dots_1004.png;There are 10 things;There are 8 things;0,2329956;1,238551139831543;False
3_fastcards_2137.png;There are 3 things;There are 7 things;0,21987873;1,2490966320037842;False
1_dots_1094.png;There are 1 things;There are 1 things;0,22665048;1,2436635494232178;True
9_dots_1484.png;There are 9 things;There are 8 things;0,24959174;1,2250782251358032;False
9_fastcards_2432.png;There are 9 things;There are 9 things;0,23049219;1,2405706644058228;True
2_fastcards_2093.png;There are 2 things;There are 3 things;0,25236723;1,2228105068206787;False
10_fastcards_2452.png;There are 10 things;There are 10 things;0,23997165;1,2329057455062866;True
6_fastcards_2265.png;There are 6 things;There are 6 things;0,25481403;1,2208079099655151;True
3_dots_1183.png;There are 3 things;There are 3 things;0,24926513;1,2253447771072388;True
5_fastcards_2208.png;There are 5 things;There are 7 things;0,26021856;1,2163729667663574;False
6_fastcards_2287.png;There are 6 things;There are 6 things;0,27438587;1,2046693563461304;True
8_fastcards_2350.png;There are 8 things;There are 10 things;0,25092816;1,2239868640899658;False
9_dots_1461.png;There are 9 things;There are 8 things;0,24362433;1,2299394607543945;False
2_fastcards_2051.png;There are 2 things;There are 2 things;0,24910018;1,2254793643951416;True
6_fastcards_2272.png;There are 6 things;There are 7 things;0,23066694;1,2404297590255737;False
10_fastcards_2498.png;There are 10 things;There are 9 things;0,2595405;1,2169300317764282;False
6_dots_1338.png;There are 6 things;There are 5 things;0,25812182;1,2180954217910767;False
3_fastcards_2108.png;There are 3 things;There are 4 things;0,27645826;1,202947735786438;False
2_dots_1140.png;There are 2 things;There are 2 things;0,24243137;1,2309091091156006;True
1_dots_1097.png;There are 1 things;There are 1 things;0,2250137;1,244978904724121;True
3_dots_1169.png;There are 3 things;There are 3 things;0,23282328;1,2386901378631592;True
8_fastcards_2366.png;There are 8 things;There are 9 things;0,24580461;1,228165626525879;False
9_dots_1475.png;There are 9 things;There are 8 things;0,24082232;1,2322156429290771;False
1_fastcards_2012.png;There are 1 things;There are 1 things;0,19455099;1,2692115306854248;True
10_dots_1025.png;There are 10 things;There are 8 things;0,23801747;1,2344897985458374;False
4_fastcards_2198.png;There are 4 things;There are 4 things;0,2872091;1,1939773559570312;True
8_fastcards_2384.png;There are 8 things;There are 9 things;0,24329138;1,2302100658416748;False
1_dots_1086.png;There are 1 things;There are 1 things;0,23085332;1,2402795553207397;True
7_fastcards_2332.png;There are 7 things;There are 8 things;0,2454625;1,228444218635559;False
3_fastcards_2119.png;There are 3 things;There are 5 things;0,28845632;1,1929322481155396;False
9_dots_1494.png;There are 9 things;There are 8 things;0,22354162;1,2461607456207275;False
5_fastcards_2202.png;There are 5 things;There are 6 things;0,25021434;1,2245699167251587;False
10_fastcards_2456.png;There are 10 things;There are 8 things;0,22361013;1,2461059093475342;False
9_fastcards_2417.png;There are 9 things;There are 9 things;0,23057199;1,2405062913894653;True
5_dots_1299.png;There are 5 things;There are 5 things;0,2666423;1,2110801935195923;True
7_dots_1374.png;There are 7 things;There are 5 things;0,23088874;1,240250825881958;False
8_fastcards_2362.png;There are 8 things;There are 9 things;0,2601471;1,2164314985275269;False
10_dots_1024.png;There are 10 things;There are 6 things;0,24105889;1,2320235967636108;False
4_dots_1225.png;There are 4 things;There are 3 things;0,26530525;1,2121838331222534;False
2_fastcards_2075.png;There are 2 things;There are 4 things;0,19166774;1,2714812755584717;False
10_fastcards_2476.png;There are 10 things;There are 9 things;0,23582526;1,2362643480300903;False
9_fastcards_2438.png;There are 9 things;There are 10 things;0,24432701;1,229367971420288;False
10_fastcards_2497.png;There are 10 things;There are 8 things;0,23443039;1,2373921871185303;False
2_dots_1146.png;There are 2 things;There are 2 things;0,25850385;1,217781662940979;True
8_dots_1402.png;There are 8 things;There are 6 things;0,24855928;1,2259206771850586;False
4_dots_1204.png;There are 4 things;There are 4 things;0,2587739;1,2175599336624146;True
2_dots_1114.png;There are 2 things;There are 2 things;0,23729992;1,2350709438323975;True
8_dots_1410.png;There are 8 things;There are 6 things;0,24170198;1,231501579284668;False
10_dots_1044.png;There are 10 things;There are 8 things;0,24392974;1,2296912670135498;False
1_dots_1076.png;There are 1 things;There are 2 things;0,23004892;1,2409279346466064;False
1_dots_1055.png;There are 1 things;There are 1 things;0,23119816;1,2400014400482178;True
8_dots_1406.png;There are 8 things;There are 6 things;0,24694324;1,2272380590438843;False
7_dots_1371.png;There are 7 things;There are 5 things;0,25147033;1,223543643951416;False
5_dots_1292.png;There are 5 things;There are 4 things;0,27268642;1,2060792446136475;False
1_dots_1057.png;There are 1 things;There are 1 things;0,2330704;1,2384907007217407;True
6_fastcards_2281.png;There are 6 things;There are 8 things;0,2462939;1,2277672290802002;False
3_dots_1171.png;There are 3 things;There are 3 things;0,24408805;1,2295626401901245;True
5_dots_1260.png;There are 5 things;There are 5 things;0,26426873;1,2130385637283325;True
6_fastcards_2257.png;There are 6 things;There are 8 things;0,24509686;1,2287417650222778;False
7_dots_1398.png;There are 7 things;There are 8 things;0,25060558;1,2242504358291626;False
9_dots_1466.png;There are 9 things;There are 8 things;0,23163858;1,239646315574646;False
5_dots_1263.png;There are 5 things;There are 4 things;0,26792616;1,2100197076797485;False
8_fastcards_2385.png;There are 8 things;There are 9 things;0,21738823;1,2510888576507568;False
3_fastcards_2143.png;There are 3 things;There are 5 things;0,25379258;1,2216442823410034;False
7_fastcards_2346.png;There are 7 things;There are 8 things;0,2499885;1,2247542142868042;False
2_dots_1122.png;There are 2 things;There are 2 things;0,23341654;1,2382111549377441;True
8_fastcards_2370.png;There are 8 things;There are 9 things;0,24381569;1,2297840118408203;False
9_fastcards_2426.png;There are 9 things;There are 9 things;0,23269832;1,2387909889221191;True
4_fastcards_2175.png;There are 4 things;There are 4 things;0,2699129;1,2083767652511597;True
2_dots_1139.png;There are 2 things;There are 2 things;0,24322069;1,2302676439285278;True
3_fastcards_2104.png;There are 3 things;There are 5 things;0,27560857;1,2036539316177368;False
6_dots_1324.png;There are 6 things;There are 6 things;0,25838858;1,2178764343261719;True
2_dots_1141.png;There are 2 things;There are 2 things;0,24684489;1,2273184061050415;True
10_fastcards_2451.png;There are 10 things;There are 10 things;0,24543092;1,228469729423523;True
8_fastcards_2391.png;There are 8 things;There are 9 things;0,23400353;1,2377370595932007;False
9_dots_1473.png;There are 9 things;There are 8 things;0,23252106;1,2389342784881592;False
7_dots_1350.png;There are 7 things;There are 6 things;0,24192417;1,2313212156295776;False
10_fastcards_2499.png;There are 10 things;There are 8 things;0,25511846;1,2205584049224854;False
4_dots_1236.png;There are 4 things;There are 4 things;0,25844014;1,2178341150283813;True
5_fastcards_2233.png;There are 5 things;There are 6 things;0,24762642;1,2266814708709717;False
4_dots_1246.png;There are 4 things;There are 3 things;0,2556146;1,2201520204544067;False
7_dots_1367.png;There are 7 things;There are 5 things;0,25640514;1,2195038795471191;False
6_fastcards_2275.png;There are 6 things;There are 8 things;0,24997307;1,2247668504714966;False
7_dots_1393.png;There are 7 things;There are 5 things;0,24890783;1,2256362438201904;False
8_fastcards_2394.png;There are 8 things;There are 8 things;0,26736897;1,2104800939559937;True
2_dots_1107.png;There are 2 things;There are 2 things;0,25678104;1,2191954851150513;True
4_dots_1221.png;There are 4 things;There are 3 things;0,23284441;1,2386730909347534;False
4_fastcards_2177.png;There are 4 things;There are 4 things;0,26272255;1,2143125534057617;True
7_fastcards_2348.png;There are 7 things;There are 8 things;0,2714616;1,207094430923462;False
5_fastcards_2209.png;There are 5 things;There are 7 things;0,2545008;1,221064567565918;False
5_fastcards_2231.png;There are 5 things;There are 7 things;0,24911141;1,2254703044891357;False
7_fastcards_2349.png;There are 7 things;There are 8 things;0,27138302;1,207159399986267;False
5_dots_1253.png;There are 5 things;There are 4 things;0,25238276;1,2227978706359863;False
2_fastcards_2059.png;There are 2 things;There are 2 things;0,25391838;1,2215412855148315;True
10_fastcards_2454.png;There are 10 things;There are 9 things;0,26092893;1,2157886028289795;False
3_dots_1164.png;There are 3 things;There are 2 things;0,24779032;1,2265477180480957;False
9_fastcards_2430.png;There are 9 things;There are 9 things;0,25336388;1,2219951152801514;True
7_dots_1358.png;There are 7 things;There are 5 things;0,24603947;1,22797429561615;False
3_dots_1178.png;There are 3 things;There are 3 things;0,2611922;1,2155722379684448;True
3_dots_1160.png;There are 3 things;There are 3 things;0,24404588;1,2295968532562256;True
10_dots_1042.png;There are 10 things;There are 8 things;0,23592645;1,236182451248169;False
4_fastcards_2178.png;There are 4 things;There are 4 things;0,30897206;1,1756086349487305;True
10_dots_1043.png;There are 10 things;There are 8 things;0,24626943;1,2277871370315552;False
7_dots_1387.png;There are 7 things;There are 4 things;0,26185173;1,2150294780731201;False
5_dots_1276.png;There are 5 things;There are 4 things;0,2647322;1,2126564979553223;False
5_dots_1256.png;There are 5 things;There are 4 things;0,2534911;1,221891164779663;False
2_fastcards_2098.png;There are 2 things;There are 3 things;0,26698482;1,2107974290847778;False
6_dots_1321.png;There are 6 things;There are 5 things;0,261419;1,2153855562210083;False
6_fastcards_2263.png;There are 6 things;There are 6 things;0,27500984;1,2041513919830322;True
6_dots_1328.png;There are 6 things;There are 5 things;0,25276232;1,222487449645996;False
6_dots_1314.png;There are 6 things;There are 5 things;0,2636845;1,2135200500488281;False
4_fastcards_2160.png;There are 4 things;There are 6 things;0,25941682;1,2170318365097046;False
1_dots_1089.png;There are 1 things;There are 1 things;0,22549444;1,2445926666259766;True
9_fastcards_2448.png;There are 9 things;There are 10 things;0,22239101;1,2470837831497192;False
9_fastcards_2446.png;There are 9 things;There are 9 things;0,25584638;1,2199618816375732;True
5_fastcards_2211.png;There are 5 things;There are 7 things;0,25870648;1,2176153659820557;False
9_dots_1479.png;There are 9 things;There are 8 things;0,2369935;1,2353190183639526;False
2_fastcards_2073.png;There are 2 things;There are 3 things;0,27437046;1,2046822309494019;False
8_dots_1436.png;There are 8 things;There are 6 things;0,24539366;1,228500247001648;False
5_dots_1294.png;There are 5 things;There are 4 things;0,2634147;1,2137423753738403;False
7_dots_1378.png;There are 7 things;There are 4 things;0,26012567;1,21644926071167;False
4_fastcards_2181.png;There are 4 things;There are 4 things;0,26202005;1,214890956878662;True
9_dots_1470.png;There are 9 things;There are 8 things;0,24321479;1,2302725315093994;False
9_fastcards_2409.png;There are 9 things;There are 10 things;0,24875231;1,225763201713562;False
2_fastcards_2070.png;There are 2 things;There are 3 things;0,23804748;1,2344655990600586;False
2_dots_1116.png;There are 2 things;There are 2 things;0,23900226;1,2336918115615845;True
4_fastcards_2174.png;There are 4 things;There are 5 things;0,26151836;1,2153037786483765;False
7_dots_1364.png;There are 7 things;There are 6 things;0,23958597;1,2332185506820679;False
4_fastcards_2190.png;There are 4 things;There are 6 things;0,24743253;1,2268394231796265;False
1_fastcards_2046.png;There are 1 things;There are 1 things;0,1926978;1,270670771598816;True
5_fastcards_2238.png;There are 5 things;There are 5 things;0,28054494;1,1995457410812378;True
5_fastcards_2247.png;There are 5 things;There are 6 things;0,26542127;1,2120882272720337;False
4_dots_1233.png;There are 4 things;There are 4 things;0,2749755;1,2041797637939453;True
1_dots_1099.png;There are 1 things;There are 2 things;0,23876053;1,2338876724243164;False
1_dots_1087.png;There are 1 things;There are 1 things;0,2278575;1,2426927089691162;True
10_dots_1037.png;There are 10 things;There are 8 things;0,23050804;1,2405579090118408;False
5_fastcards_2217.png;There are 5 things;There are 6 things;0,2526178;1,222605586051941;False
8_fastcards_2388.png;There are 8 things;There are 9 things;0,24645336;1,2276372909545898;False
3_dots_1189.png;There are 3 things;There are 2 things;0,25133076;1,2236577272415161;False
1_dots_1067.png;There are 1 things;There are 1 things;0,23133928;1,2398875951766968;True
7_fastcards_2304.png;There are 7 things;There are 8 things;0,26092333;1,2157933712005615;False
2_dots_1105.png;There are 2 things;There are 2 things;0,24006838;1,2328273057937622;True
7_dots_1368.png;There are 7 things;There are 5 things;0,24596885;1,228031873703003;False
4_fastcards_2151.png;There are 4 things;There are 5 things;0,29260105;1,1894527673721313;False
6_fastcards_2284.png;There are 6 things;There are 8 things;0,25436294;1,221177339553833;False
3_fastcards_2132.png;There are 3 things;There are 3 things;0,30318472;1,1805213689804077;True
9_dots_1492.png;There are 9 things;There are 6 things;0,24123594;1,2318799495697021;False
1_fastcards_2036.png;There are 1 things;There are 1 things;0,2018021;1,2634855508804321;True
8_fastcards_2371.png;There are 8 things;There are 10 things;0,24660994;1,227509617805481;False
7_dots_1385.png;There are 7 things;There are 5 things;0,25407392;1,2214140892028809;False
4_fastcards_2170.png;There are 4 things;There are 6 things;0,26940304;1,2087987661361694;False
3_fastcards_2112.png;There are 3 things;There are 4 things;0,26753134;1,210345983505249;False
5_dots_1259.png;There are 5 things;There are 5 things;0,2687506;1,2093383073806763;True
8_fastcards_2368.png;There are 8 things;There are 10 things;0,24540637;1,2284897565841675;False
5_fastcards_2223.png;There are 5 things;There are 8 things;0,25325388;1,2220853567123413;False
7_fastcards_2308.png;There are 7 things;There are 8 things;0,23862046;1,2340013980865479;False
9_fastcards_2414.png;There are 9 things;There are 9 things;0,23220435;1,2391897439956665;True
6_dots_1305.png;There are 6 things;There are 5 things;0,2614707;1,2153431177139282;False
1_fastcards_2031.png;There are 1 things;There are 1 things;0,2180047;1,250596046447754;True
9_fastcards_2424.png;There are 9 things;There are 10 things;0,22402117;1,245775818824768;False
5_fastcards_2248.png;There are 5 things;There are 5 things;0,25707966;1,2189505100250244;True
2_fastcards_2090.png;There are 2 things;There are 3 things;0,258637;1,217672348022461;False
10_dots_1009.png;There are 10 things;There are 8 things;0,23498559;1,2369433641433716;False
10_dots_1034.png;There are 10 things;There are 8 things;0,2348318;1,237067699432373;False
1_dots_1053.png;There are 1 things;There are 1 things;0,23483062;1,2370685338974;True
1_dots_1073.png;There are 1 things;There are 1 things;0,23008618;1,2408978939056396;True
10_fastcards_2471.png;There are 10 things;There are 9 things;0,24106666;1,232017159461975;False
7_dots_1382.png;There are 7 things;There are 6 things;0,2468065;1,2273497581481934;False
4_fastcards_2159.png;There are 4 things;There are 6 things;0,26132745;1,2154608964920044;False
7_fastcards_2337.png;There are 7 things;There are 10 things;0,24950725;1,225147008895874;False
2_fastcards_2097.png;There are 2 things;There are 3 things;0,27401242;1,2049793004989624;False
9_dots_1476.png;There are 9 things;There are 8 things;0,2407571;1,2322686910629272;False
1_dots_1085.png;There are 1 things;There are 1 things;0,2290849;1,2417044639587402;True
6_fastcards_2298.png;There are 6 things;There are 7 things;0,24580985;1,228161334991455;False
5_fastcards_2224.png;There are 5 things;There are 7 things;0,20006569;1,2648591995239258;False
5_fastcards_2230.png;There are 5 things;There are 7 things;0,25447133;1,2210887670516968;False
7_fastcards_2313.png;There are 7 things;There are 9 things;0,23630975;1,2358722686767578;False
4_dots_1234.png;There are 4 things;There are 4 things;0,2655714;1,2119642496109009;True
6_fastcards_2276.png;There are 6 things;There are 8 things;0,25646326;1,2194561958312988;False
6_dots_1320.png;There are 6 things;There are 5 things;0,24537195;1,228517770767212;False
4_dots_1200.png;There are 4 things;There are 4 things;0,26014256;1,2164353132247925;True
3_fastcards_2101.png;There are 3 things;There are 4 things;0,296112;1,1864973306655884;False
8_fastcards_2364.png;There are 8 things;There are 10 things;0,23398279;1,2377536296844482;False
6_dots_1335.png;There are 6 things;There are 5 things;0,26003814;1,216521143913269;False
9_dots_1472.png;There are 9 things;There are 8 things;0,23455629;1,237290382385254;False
8_dots_1438.png;There are 8 things;There are 5 things;0,24600351;1,2280036211013794;False
6_dots_1308.png;There are 6 things;There are 4 things;0,2605113;1,2161321640014648;False
4_fastcards_2194.png;There are 4 things;There are 6 things;0,25347483;1,2219042778015137;False
3_dots_1166.png;There are 3 things;There are 3 things;0,24926743;1,225342869758606;True
7_fastcards_2309.png;There are 7 things;There are 8 things;0,26055497;1,21609628200531;False
2_dots_1138.png;There are 2 things;There are 2 things;0,2522532;1,222903847694397;True
3_fastcards_2116.png;There are 3 things;There are 4 things;0,2819838;1,19834566116333;False
1_fastcards_2023.png;There are 1 things;There are 1 things;0,23872621;1,2339155673980713;True
9_dots_1467.png;There are 9 things;There are 8 things;0,24202092;1,2312426567077637;False
2_fastcards_2072.png;There are 2 things;There are 3 things;0,26958942;1,2086443901062012;False
2_dots_1127.png;There are 2 things;There are 2 things;0,25204527;1,2230737209320068;True
2_dots_1101.png;There are 2 things;There are 2 things;0,23255563;1,2389061450958252;True
1_fastcards_2042.png;There are 1 things;There are 1 things;0,21033606;1,2567132711410522;True
2_fastcards_2052.png;There are 2 things;There are 4 things;0,2739733;1,2050118446350098;False
4_fastcards_2183.png;There are 4 things;There are 6 things;0,2700999;1,2082219123840332;False
2_dots_1131.png;There are 2 things;There are 2 things;0,2442113;1,2294622659683228;True
8_fastcards_2386.png;There are 8 things;There are 8 things;0,2601272;1,2164480686187744;True
5_fastcards_2229.png;There are 5 things;There are 8 things;0,25113708;1,223816156387329;False
4_fastcards_2155.png;There are 4 things;There are 6 things;0,28495854;1,195860743522644;False
5_dots_1297.png;There are 5 things;There are 4 things;0,2664463;1,2112419605255127;False
4_dots_1207.png;There are 4 things;There are 4 things;0,26253018;1,2144709825515747;True
3_fastcards_2115.png;There are 3 things;There are 4 things;0,2893607;1,192173957824707;False
7_dots_1366.png;There are 7 things;There are 5 things;0,24957883;1,2250887155532837;False
5_fastcards_2212.png;There are 5 things;There are 6 things;0,26455975;1,2127987146377563;False
1_dots_1061.png;There are 1 things;There are 1 things;0,23645505;1,2357547283172607;True
1_fastcards_2010.png;There are 1 things;There are 1 things;0,20529976;1,2607141733169556;True
2_dots_1125.png;There are 2 things;There are 2 things;0,22767729;1,2428375482559204;True
3_dots_1157.png;There are 3 things;There are 2 things;0,24742112;1,2268487215042114;False
9_fastcards_2427.png;There are 9 things;There are 9 things;0,2612549;1,2155205011367798;True
7_dots_1352.png;There are 7 things;There are 7 things;0,24580854;1,2281625270843506;True
10_fastcards_2468.png;There are 10 things;There are 10 things;0,24854024;1,2259361743927002;True
6_fastcards_2282.png;There are 6 things;There are 8 things;0,2516441;1,223401665687561;False
2_dots_1104.png;There are 2 things;There are 2 things;0,25336075;1,2219977378845215;True
9_fastcards_2407.png;There are 9 things;There are 9 things;0,2571668;1,2188791036605835;True
10_fastcards_2491.png;There are 10 things;There are 10 things;0,2441504;1,2295117378234863;True
4_fastcards_2163.png;There are 4 things;There are 5 things;0,26256827;1,2144396305084229;False
1_fastcards_2025.png;There are 1 things;There are 1 things;0,23567654;1,236384630203247;True
6_fastcards_2259.png;There are 6 things;There are 8 things;0,22760037;1,2428996562957764;False
2_dots_1120.png;There are 2 things;There are 3 things;0,24625474;1,2277990579605103;False
5_dots_1278.png;There are 5 things;There are 4 things;0,25474152;1,2208672761917114;False
10_dots_1029.png;There are 10 things;There are 8 things;0,24035656;1,2325936555862427;False
8_dots_1444.png;There are 8 things;There are 6 things;0,25335598;1,2220017910003662;False
3_dots_1177.png;There are 3 things;There are 3 things;0,2356134;1,2364356517791748;True
2_dots_1134.png;There are 2 things;There are 2 things;0,23638302;1,2358131408691406;True
7_fastcards_2319.png;There are 7 things;There are 8 things;0,24229398;1,2310208082199097;False
1_fastcards_2030.png;There are 1 things;There are 1 things;0,22646023;1,2438164949417114;True
5_fastcards_2220.png;There are 5 things;There are 5 things;0,24243516;1,2309060096740723;True
4_fastcards_2166.png;There are 4 things;There are 4 things;0,29148278;1,1903926134109497;True
6_fastcards_2279.png;There are 6 things;There are 8 things;0,26619104;1,2114529609680176;False
10_fastcards_2462.png;There are 10 things;There are 9 things;0,25546157;1,2202774286270142;False
3_dots_1184.png;There are 3 things;There are 3 things;0,27453077;1,2045490741729736;True
5_fastcards_2234.png;There are 5 things;There are 6 things;0,23282334;1,2386901378631592;False
5_dots_1295.png;There are 5 things;There are 4 things;0,2548594;1,2207708358764648;False
1_dots_1068.png;There are 1 things;There are 1 things;0,22437625;1,2454909086227417;True
8_fastcards_2387.png;There are 8 things;There are 10 things;0,24444121;1,229275107383728;False
3_fastcards_2135.png;There are 3 things;There are 5 things;0,26373303;1,2134801149368286;False
1_fastcards_2043.png;There are 1 things;There are 1 things;0,20122696;1,2639408111572266;True
9_dots_1474.png;There are 9 things;There are 8 things;0,23546183;1,236558437347412;False
1_fastcards_2014.png;There are 1 things;There are 1 things;0,1899581;1,2728251218795776;True
6_fastcards_2291.png;There are 6 things;There are 8 things;0,26184458;1,2150354385375977;False
9_dots_1499.png;There are 9 things;There are 6 things;0,23563276;1,2364201545715332;False
5_dots_1289.png;There are 5 things;There are 4 things;0,25909704;1,2172945737838745;False
3_dots_1187.png;There are 3 things;There are 3 things;0,2611985;1,215566873550415;True
8_dots_1400.png;There are 8 things;There are 6 things;0,2348603;1,2370445728302002;False
1_fastcards_2039.png;There are 1 things;There are 1 things;0,20064388;1,264401912689209;True
10_fastcards_2474.png;There are 10 things;There are 9 things;0,25002715;1,2247227430343628;False
4_fastcards_2168.png;There are 4 things;There are 4 things;0,26973072;1,2085275650024414;True
5_dots_1288.png;There are 5 things;There are 4 things;0,28302765;1,1974743604660034;False
8_fastcards_2359.png;There are 8 things;There are 9 things;0,23275304;1,2387468814849854;False
4_dots_1247.png;There are 4 things;There are 3 things;0,2730007;1,2058186531066895;False
6_fastcards_2290.png;There are 6 things;There are 9 things;0,26465154;1,212722897529602;False
9_dots_1454.png;There are 9 things;There are 8 things;0,2415335;1,2316384315490723;False
2_fastcards_2099.png;There are 2 things;There are 3 things;0,2500744;1,2246841192245483;False
7_dots_1353.png;There are 7 things;There are 5 things;0,23586176;1,2362346649169922;False
5_fastcards_2243.png;There are 5 things;There are 8 things;0,26453793;1,2128167152404785;False
6_fastcards_2253.png;There are 6 things;There are 8 things;0,26202828;1,2148841619491577;False
2_dots_1109.png;There are 2 things;There are 2 things;0,24894679;1,22560453414917;True
2_dots_1144.png;There are 2 things;There are 2 things;0,24481384;1,22897207736969;True
1_fastcards_2018.png;There are 1 things;There are 1 things;0,2054074;1,2606289386749268;True
7_fastcards_2303.png;There are 7 things;There are 8 things;0,2509501;1,2239689826965332;False
10_dots_1045.png;There are 10 things;There are 8 things;0,2350075;1,2369256019592285;False
2_dots_1135.png;There are 2 things;There are 2 things;0,24302076;1,230430245399475;True
7_fastcards_2315.png;There are 7 things;There are 8 things;0,23923999;1,2334990501403809;False
6_dots_1306.png;There are 6 things;There are 4 things;0,2548445;1,220782995223999;False
3_dots_1176.png;There are 3 things;There are 3 things;0,26942593;1,2087795734405518;True
1_fastcards_2013.png;There are 1 things;There are 1 things;0,18958358;1,273119330406189;True
10_fastcards_2467.png;There are 10 things;There are 9 things;0,24913949;1,225447177886963;False
7_dots_1354.png;There are 7 things;There are 5 things;0,23723711;1,235121726989746;False
2_fastcards_2084.png;There are 2 things;There are 4 things;0,25315753;1,2221640348434448;False
3_dots_1151.png;There are 3 things;There are 3 things;0,24949048;1,2251609563827515;True
1_dots_1084.png;There are 1 things;There are 1 things;0,22418441;1,2456449270248413;True
10_fastcards_2482.png;There are 10 things;There are 9 things;0,25630942;1,2195823192596436;False
9_fastcards_2402.png;There are 9 things;There are 10 things;0,22788113;1,242673635482788;False
3_fastcards_2141.png;There are 3 things;There are 4 things;0,27534017;1,2038769721984863;False
10_dots_1021.png;There are 10 things;There are 8 things;0,23855469;1,234054684638977;False
2_fastcards_2086.png;There are 2 things;There are 3 things;0,21283929;1,2547197341918945;False
9_fastcards_2445.png;There are 9 things;There are 10 things;0,25475696;1,220854640007019;False
3_dots_1156.png;There are 3 things;There are 3 things;0,25809628;1,2181164026260376;True
7_dots_1357.png;There are 7 things;There are 5 things;0,25147185;1,2235424518585205;False
6_dots_1315.png;There are 6 things;There are 5 things;0,24765435;1,226658582687378;False
10_dots_1028.png;There are 10 things;There are 8 things;0,23480278;1,2370911836624146;False
3_dots_1193.png;There are 3 things;There are 3 things;0,2513904;1,223609209060669;True
2_dots_1112.png;There are 2 things;There are 2 things;0,25557834;1,2201817035675049;True
3_fastcards_2148.png;There are 3 things;There are 5 things;0,25724155;1,2188178300857544;False
3_fastcards_2103.png;There are 3 things;There are 5 things;0,27239618;1,2063199281692505;False
5_fastcards_2222.png;There are 5 things;There are 8 things;0,24325952;1,230236291885376;False
10_dots_1005.png;There are 10 things;There are 8 things;0,24697454;1,22721266746521;False
6_fastcards_2262.png;There are 6 things;There are 8 things;0,23588198;1,2362184524536133;False
4_dots_1208.png;There are 4 things;There are 3 things;0,25415844;1,2213448286056519;False
4_fastcards_2154.png;There are 4 things;There are 6 things;0,2621876;1,2147530317306519;False
4_fastcards_2197.png;There are 4 things;There are 4 things;0,31285238;1,1723034381866455;True
7_dots_1389.png;There are 7 things;There are 6 things;0,24673362;1,2274090051651;False
3_dots_1186.png;There are 3 things;There are 2 things;0,24802072;1,2263598442077637;False
9_dots_1458.png;There are 9 things;There are 8 things;0,24656102;1,2275495529174805;False
3_fastcards_2144.png;There are 3 things;There are 4 things;0,23833597;1,2342318296432495;False
7_dots_1384.png;There are 7 things;There are 5 things;0,24749583;1,226787805557251;False
9_dots_1462.png;There are 9 things;There are 8 things;0,24781793;1,2265253067016602;False
2_fastcards_2063.png;There are 2 things;There are 3 things;0,24697629;1,2272112369537354;False
3_dots_1185.png;There are 3 things;There are 3 things;0,24967413;1,225010871887207;True
10_dots_1022.png;There are 10 things;There are 8 things;0,23452035;1,2373194694519043;False
8_dots_1425.png;There are 8 things;There are 6 things;0,23457417;1,2372758388519287;False
7_dots_1397.png;There are 7 things;There are 5 things;0,24704209;1,2271575927734375;False
3_dots_1195.png;There are 3 things;There are 2 things;0,25280768;1,2224503755569458;False
5_dots_1277.png;There are 5 things;There are 5 things;0,2510726;1,2238688468933105;True
7_fastcards_2342.png;There are 7 things;There are 8 things;0,26946002;1,2087513208389282;False
8_dots_1431.png;There are 8 things;There are 8 things;0,2509234;1,223990797996521;True
9_fastcards_2421.png;There are 9 things;There are 10 things;0,24444449;1,2292726039886475;False
7_fastcards_2301.png;There are 7 things;There are 8 things;0,2499689;1,2247703075408936;False
1_dots_1063.png;There are 1 things;There are 2 things;0,23032284;1,240707278251648;False
8_fastcards_2382.png;There are 8 things;There are 9 things;0,25584367;1,2199642658233643;False
9_fastcards_2408.png;There are 9 things;There are 10 things;0,2595562;1,2169172763824463;False
3_dots_1182.png;There are 3 things;There are 3 things;0,255409;1,220320463180542;True
10_fastcards_2480.png;There are 10 things;There are 9 things;0,24938005;1,2252508401870728;False
3_dots_1150.png;There are 3 things;There are 3 things;0,24557973;1,228348731994629;True
1_fastcards_2015.png;There are 1 things;There are 1 things;0,22388342;1,2458864450454712;True
1_fastcards_2017.png;There are 1 things;There are 1 things;0,20907792;1,257713794708252;True
1_dots_1058.png;There are 1 things;There are 1 things;0,23518424;1,2367826700210571;True
5_fastcards_2241.png;There are 5 things;There are 8 things;0,26006436;1,21649968624115;False
3_fastcards_2113.png;There are 3 things;There are 4 things;0,30257544;1,1810373067855835;False
10_dots_1018.png;There are 10 things;There are 8 things;0,24131632;1,2318147420883179;False
9_fastcards_2442.png;There are 9 things;There are 10 things;0,2529469;1,2223364114761353;False
7_fastcards_2343.png;There are 7 things;There are 8 things;0,2535094;1,2218762636184692;False
2_dots_1106.png;There are 2 things;There are 2 things;0,2425987;1,2307732105255127;True
2_fastcards_2069.png;There are 2 things;There are 3 things;0,24567613;1,228270173072815;False
10_dots_1001.png;There are 10 things;There are 8 things;0,23909894;1,2336134910583496;False
3_dots_1173.png;There are 3 things;There are 2 things;0,24174051;1,2314703464508057;False
8_fastcards_2358.png;There are 8 things;There are 9 things;0,23415364;1,237615704536438;False
6_dots_1325.png;There are 6 things;There are 5 things;0,25078452;1,2241041660308838;False
5_fastcards_2227.png;There are 5 things;There are 7 things;0,25253397;1,2226741313934326;False
8_dots_1422.png;There are 8 things;There are 6 things;0,24454823;1,2291882038116455;False
8_dots_1446.png;There are 8 things;There are 6 things;0,24386257;1,229745864868164;False
7_dots_1379.png;There are 7 things;There are 5 things;0,2524624;1,222732663154602;False
9_dots_1486.png;There are 9 things;There are 8 things;0,23539233;1,2366145849227905;False
7_fastcards_2328.png;There are 7 things;There are 8 things;0,24524052;1,2286248207092285;False
6_dots_1327.png;There are 6 things;There are 5 things;0,2507904;1,2240992784500122;False
4_fastcards_2196.png;There are 4 things;There are 9 things;0,23775192;1,234704852104187;False
6_fastcards_2295.png;There are 6 things;There are 6 things;0,26760983;1,2102810144424438;True
9_dots_1498.png;There are 9 things;There are 7 things;0,23937821;1,2333869934082031;False
6_dots_1330.png;There are 6 things;There are 5 things;0,25065657;1,2242087125778198;False
3_fastcards_2131.png;There are 3 things;There are 4 things;0,28319308;1,1973360776901245;False
1_dots_1093.png;There are 1 things;There are 1 things;0,22826692;1,2423629760742188;True
1_dots_1078.png;There are 1 things;There are 1 things;0,23808116;1,234438180923462;True
7_fastcards_2311.png;There are 7 things;There are 8 things;0,26251787;1,214481234550476;False
4_dots_1216.png;There are 4 things;There are 4 things;0,26857707;1,2094815969467163;True
5_fastcards_2240.png;There are 5 things;There are 6 things;0,28244784;1,1979584693908691;False
4_dots_1215.png;There are 4 things;There are 4 things;0,25479004;1,220827579498291;True
1_dots_1071.png;There are 1 things;There are 1 things;0,2363778;1,235817313194275;True
10_dots_1033.png;There are 10 things;There are 8 things;0,24050066;1,2324767112731934;False
10_fastcards_2483.png;There are 10 things;There are 10 things;0,23735428;1,2350267171859741;True
8_dots_1403.png;There are 8 things;There are 7 things;0,24033505;1,232611060142517;False
2_fastcards_2050.png;There are 2 things;There are 2 things;0,27427673;1,2047600746154785;True
7_dots_1372.png;There are 7 things;There are 6 things;0,25809148;1,2181203365325928;False
2_dots_1108.png;There are 2 things;There are 2 things;0,25140733;1,223595380783081;True
6_fastcards_2258.png;There are 6 things;There are 8 things;0,23824203;1,234307885169983;False
5_fastcards_2237.png;There are 5 things;There are 5 things;0,28995132;1,1916782855987549;True
6_fastcards_2270.png;There are 6 things;There are 8 things;0,24882197;1,2257064580917358;False
9_fastcards_2444.png;There are 9 things;There are 9 things;0,22389752;1,2458751201629639;True
9_fastcards_2404.png;There are 9 things;There are 10 things;0,2385265;1,2340773344039917;False
7_dots_1395.png;There are 7 things;There are 5 things;0,2403602;1,232590675354004;False
3_fastcards_2105.png;There are 3 things;There are 4 things;0,24497858;1,2288380861282349;False
1_dots_1060.png;There are 1 things;There are 1 things;0,22743803;1,243030071258545;True
4_fastcards_2188.png;There are 4 things;There are 5 things;0,25056112;1,224286675453186;False
7_fastcards_2336.png;There are 7 things;There are 9 things;0,25356138;1,22183358669281;False
4_dots_1202.png;There are 4 things;There are 3 things;0,26101658;1,2157166004180908;False
3_dots_1179.png;There are 3 things;There are 3 things;0,27445117;1,2046152353286743;True
3_fastcards_2122.png;There are 3 things;There are 5 things;0,28451237;1,1962337493896484;False
5_fastcards_2228.png;There are 5 things;There are 6 things;0,25383946;1,2216060161590576;False
7_fastcards_2327.png;There are 7 things;There are 8 things;0,24687871;1,2272908687591553;False
9_dots_1453.png;There are 9 things;There are 6 things;0,24522024;1,228641390800476;False
7_dots_1380.png;There are 7 things;There are 6 things;0,25614443;1,2197177410125732;False
1_fastcards_2044.png;There are 1 things;There are 1 things;0,19284406;1,2705557346343994;True
4_fastcards_2185.png;There are 4 things;There are 5 things;0,27777284;1,2018544673919678;False
4_dots_1217.png;There are 4 things;There are 3 things;0,25193527;1,2231637239456177;False
1_dots_1081.png;There are 1 things;There are 2 things;0,23473382;1,2371469736099243;False
6_fastcards_2252.png;There are 6 things;There are 7 things;0,27423042;1,2047985792160034;False
10_dots_1016.png;There are 10 things;There are 8 things;0,24109867;1,2319914102554321;False
2_fastcards_2089.png;There are 2 things;There are 2 things;0,2565019;1,2194244861602783;True
2_dots_1149.png;There are 2 things;There are 2 things;0,2564435;1,2194726467132568;True
9_fastcards_2406.png;There are 9 things;There are 9 things;0,2691922;1,2089729309082031;True
7_dots_1392.png;There are 7 things;There are 5 things;0,24245621;1,2308889627456665;False
6_fastcards_2268.png;There are 6 things;There are 8 things;0,27008986;1,2082302570343018;False
6_fastcards_2292.png;There are 6 things;There are 8 things;0,26237544;1,2145984172821045;False
8_dots_1437.png;There are 8 things;There are 6 things;0,24167368;1,2315245866775513;False
6_fastcards_2294.png;There are 6 things;There are 8 things;0,24045077;1,232517123222351;False
4_dots_1212.png;There are 4 things;There are 4 things;0,2613897;1,2154096364974976;True
2_dots_1103.png;There are 2 things;There are 2 things;0,22461355;1,24530029296875;True
6_dots_1339.png;There are 6 things;There are 5 things;0,24347237;1,2300630807876587;False
6_fastcards_2273.png;There are 6 things;There are 8 things;0,25735325;1,2187261581420898;False
3_fastcards_2133.png;There are 3 things;There are 3 things;0,28925246;1,1922646760940552;True
6_dots_1307.png;There are 6 things;There are 6 things;0,25391752;1,2215420007705688;True
8_fastcards_2380.png;There are 8 things;There are 9 things;0,26103085;1,2157049179077148;False
4_dots_1206.png;There are 4 things;There are 3 things;0,25732812;1,2187469005584717;False
1_fastcards_2038.png;There are 1 things;There are 1 things;0,1963262;1,2678121328353882;True
10_fastcards_2473.png;There are 10 things;There are 8 things;0,23437038;1,2374407052993774;False
10_dots_1017.png;There are 10 things;There are 8 things;0,24639875;1,2276818752288818;False
5_fastcards_2225.png;There are 5 things;There are 6 things;0,27703804;1,2024656534194946;False
8_dots_1418.png;There are 8 things;There are 6 things;0,22511232;1,2448996305465698;False
10_fastcards_2481.png;There are 10 things;There are 8 things;0,2317211;1,2395797967910767;False
5_dots_1290.png;There are 5 things;There are 4 things;0,25661993;1,2193278074264526;False
4_dots_1220.png;There are 4 things;There are 4 things;0,26721188;1,2106099128723145;True
10_fastcards_2493.png;There are 10 things;There are 10 things;0,2639831;1,2132740020751953;True
10_dots_1015.png;There are 10 things;There are 8 things;0,24298216;1,230461597442627;False
10_fastcards_2472.png;There are 10 things;There are 10 things;0,2330571;1,2385015487670898;True
4_fastcards_2179.png;There are 4 things;There are 4 things;0,27127722;1,2072471380233765;True
10_fastcards_2484.png;There are 10 things;There are 10 things;0,22507578;1,2449290752410889;True
8_dots_1440.png;There are 8 things;There are 6 things;0,24078822;1,2322434186935425;False
5_fastcards_2207.png;There are 5 things;There are 7 things;0,2690333;1,2091044187545776;False
4_dots_1210.png;There are 4 things;There are 3 things;0,26770705;1,2102007865905762;False
3_dots_1175.png;There are 3 things;There are 3 things;0,24900517;1,2255568504333496;True
6_fastcards_2269.png;There are 6 things;There are 8 things;0,26138806;1,2154110670089722;False
2_fastcards_2096.png;There are 2 things;There are 3 things;0,280196;1,1998367309570312;False
3_fastcards_2120.png;There are 3 things;There are 5 things;0,28618303;1,1948363780975342;False
4_dots_1209.png;There are 4 things;There are 3 things;0,25628158;1,2196053266525269;False
10_dots_1040.png;There are 10 things;There are 8 things;0,23713659;1,2352031469345093;False
9_fastcards_2435.png;There are 9 things;There are 9 things;0,2421228;1,2311596870422363;True
2_dots_1126.png;There are 2 things;There are 2 things;0,24827185;1,2261550426483154;True
4_fastcards_2161.png;There are 4 things;There are 5 things;0,26270765;1,2143248319625854;False
3_fastcards_2102.png;There are 3 things;There are 5 things;0,27683893;1,2026312351226807;False
7_dots_1359.png;There are 7 things;There are 5 things;0,24195275;1,2312978506088257;False
7_dots_1369.png;There are 7 things;There are 5 things;0,25229275;1,2228714227676392;False
9_fastcards_2419.png;There are 9 things;There are 9 things;0,23146296;1,2397878170013428;True
7_dots_1381.png;There are 7 things;There are 6 things;0,24046594;1,232504963874817;False
3_dots_1188.png;There are 3 things;There are 3 things;0,25594747;1,219879150390625;True
4_dots_1227.png;There are 4 things;There are 3 things;0,2518769;1,2232115268707275;False
9_fastcards_2425.png;There are 9 things;There are 9 things;0,2323625;1,2390621900558472;True
5_dots_1275.png;There are 5 things;There are 4 things;0,25061485;1,2242428064346313;False
5_dots_1261.png;There are 5 things;There are 5 things;0,262735;1,2143023014068604;True
2_fastcards_2068.png;There are 2 things;There are 3 things;0,2625687;1,2144391536712646;False
10_dots_1047.png;There are 10 things;There are 8 things;0,22866073;1,2420462369918823;False
9_fastcards_2405.png;There are 9 things;There are 9 things;0,26335958;1,2137877941131592;True
1_fastcards_2008.png;There are 1 things;There are 1 things;0,19483405;1,2689884901046753;True
5_dots_1257.png;There are 5 things;There are 4 things;0,25549248;1,2202520370483398;False
7_dots_1390.png;There are 7 things;There are 6 things;0,24645454;1,2276363372802734;False
10_fastcards_2479.png;There are 10 things;There are 9 things;0,24397334;1,2296557426452637;False
8_fastcards_2381.png;There are 8 things;There are 9 things;0,24917549;1,2254178524017334;False
5_dots_1296.png;There are 5 things;There are 4 things;0,25871962;1,2176045179367065;False
5_fastcards_2204.png;There are 5 things;There are 8 things;0,2542708;1,2212527990341187;False
9_fastcards_2413.png;There are 9 things;There are 10 things;0,2491464;1,2254416942596436;False
9_dots_1457.png;There are 9 things;There are 8 things;0,23751426;1,2348973751068115;False
9_dots_1493.png;There are 9 things;There are 8 things;0,24441776;1,2292941808700562;False
4_fastcards_2192.png;There are 4 things;There are 6 things;0,25846192;1,2178162336349487;False
1_fastcards_2029.png;There are 1 things;There are 2 things;0,20589282;1,2602437734603882;False
1_dots_1062.png;There are 1 things;There are 2 things;0,234866;1,2370399236679077;False
5_dots_1285.png;There are 5 things;There are 4 things;0,26282474;1,2142282724380493;False
10_fastcards_2460.png;There are 10 things;There are 8 things;0,2447651;1,2290117740631104;False
4_dots_1231.png;There are 4 things;There are 3 things;0,25967652;1,2168184518814087;False
4_dots_1211.png;There are 4 things;There are 3 things;0,2799936;1,2000054121017456;False
4_dots_1235.png;There are 4 things;There are 4 things;0,27294847;1,2058619260787964;True
7_dots_1386.png;There are 7 things;There are 5 things;0,25774992;1,2184005975723267;False
1_dots_1069.png;There are 1 things;There are 1 things;0,22730601;1,2431362867355347;True
2_dots_1136.png;There are 2 things;There are 2 things;0,24129426;1,2318326234817505;True
3_fastcards_2118.png;There are 3 things;There are 5 things;0,29321182;1,1889392137527466;False
6_fastcards_2254.png;There are 6 things;There are 8 things;0,2590123;1,2173641920089722;False
3_dots_1154.png;There are 3 things;There are 2 things;0,24712008;1,227094054222107;False
3_dots_1159.png;There are 3 things;There are 3 things;0,25336155;1,2219970226287842;True
9_dots_1491.png;There are 9 things;There are 8 things;0,23527876;1,2367063760757446;False
4_dots_1237.png;There are 4 things;There are 4 things;0,24668142;1,2274514436721802;True
5_fastcards_2226.png;There are 5 things;There are 8 things;0,25711071;1,2189252376556396;False
9_dots_1451.png;There are 9 things;There are 8 things;0,24096653;1,2320985794067383;False
5_dots_1268.png;There are 5 things;There are 4 things;0,2706889;1,207734227180481;False
1_dots_1064.png;There are 1 things;There are 2 things;0,23111454;1,2400689125061035;False
2_dots_1121.png;There are 2 things;There are 2 things;0,23237748;1,239050030708313;True
7_fastcards_2322.png;There are 7 things;There are 8 things;0,2396557;1,2331620454788208;False
9_dots_1471.png;There are 9 things;There are 8 things;0,23843509;1,2341514825820923;False
7_fastcards_2347.png;There are 7 things;There are 7 things;0,2864182;1,1946395635604858;True
10_fastcards_2453.png;There are 10 things;There are 9 things;0,24921364;1,2253868579864502;False
6_fastcards_2299.png;There are 6 things;There are 9 things;0,25119793;1,2237664461135864;False
4_fastcards_2162.png;There are 4 things;There are 5 things;0,25715774;1,2188866138458252;False
7_fastcards_2314.png;There are 7 things;There are 8 things;0,22996053;1,2409992218017578;False
1_fastcards_2027.png;There are 1 things;There are 2 things;0,2099675;1,2570064067840576;False
3_dots_1181.png;There are 3 things;There are 3 things;0,23607104;1,2360655069351196;True
10_fastcards_2463.png;There are 10 things;There are 10 things;0,27042028;1,2079566717147827;True
7_dots_1361.png;There are 7 things;There are 5 things;0,24611342;1,2279140949249268;False
1_fastcards_2041.png;There are 1 things;There are 1 things;0,20942308;1,257439374923706;True
1_fastcards_2035.png;There are 1 things;There are 1 things;0,1941474;1,2695294618606567;True
7_dots_1370.png;There are 7 things;There are 5 things;0,25496686;1,2206827402114868;False
3_dots_1152.png;There are 3 things;There are 3 things;0,25666004;1,2192949056625366;True
3_fastcards_2126.png;There are 3 things;There are 4 things;0,2672441;1,210583209991455;False
9_fastcards_2431.png;There are 9 things;There are 9 things;0,25169927;1,2233566045761108;True
7_dots_1355.png;There are 7 things;There are 5 things;0,24655075;1,2275577783584595;False
2_dots_1113.png;There are 2 things;There are 3 things;0,23193002;1,2394111156463623;False
1_dots_1065.png;There are 1 things;There are 1 things;0,2273078;1,24313485622406;True
6_dots_1349.png;There are 6 things;There are 4 things;0,24705221;1,2271493673324585;False
6_fastcards_2267.png;There are 6 things;There are 6 things;0,2572984;1,21877121925354;True
1_fastcards_2026.png;There are 1 things;There are 1 things;0,20477147;1,261133074760437;True
8_dots_1404.png;There are 8 things;There are 6 things;0,24157238;1,2316067218780518;False
6_dots_1323.png;There are 6 things;There are 5 things;0,25882024;1,2175217866897583;False
3_dots_1153.png;There are 3 things;There are 3 things;0,25301382;1,222281575202942;True
8_fastcards_2363.png;There are 8 things;There are 10 things;0,2470411;1,2271584272384644;False
9_fastcards_2439.png;There are 9 things;There are 9 things;0,24550024;1,2284133434295654;True
1_dots_1072.png;There are 1 things;There are 1 things;0,23578903;1,2362936735153198;True
3_dots_1198.png;There are 3 things;There are 3 things;0,25745142;1,218645691871643;True
8_dots_1433.png;There are 8 things;There are 8 things;0,23741914;1,2349743843078613;True
4_dots_1242.png;There are 4 things;There are 3 things;0,24453057;1,2292025089263916;False
6_dots_1345.png;There are 6 things;There are 4 things;0,25080627;1,2240862846374512;False
8_fastcards_2396.png;There are 8 things;There are 9 things;0,2595489;1,2169232368469238;False
7_fastcards_2310.png;There are 7 things;There are 8 things;0,25966704;1,216826319694519;False
4_fastcards_2152.png;There are 4 things;There are 5 things;0,30485746;1,1791034936904907;False
2_dots_1118.png;There are 2 things;There are 2 things;0,22920467;1,2416080236434937;True
1_fastcards_2034.png;There are 1 things;There are 1 things;0,1857568;1,2761216163635254;True
1_fastcards_2037.png;There are 1 things;There are 1 things;0,2020668;1,2632759809494019;True
2_fastcards_2080.png;There are 2 things;There are 2 things;0,2527091;1,2225309610366821;True
